Subject/Category,Course Name,Course code,Credit Hours,Course_level,Prerequisite,Corequisite,Offered,Description,Degree applicable to,Major Applicable to,Is_required,Requirement_type
ACC - Accounting,Principles of Accounting I,ACC 230,3,200,MATH 101,None,,,,,,
ACC - Accounting,Principles of Accounting II,ACC 240,3,200,ACC 230,None,,,,,,
ACC - Accounting,Cost Accounting and Control,ACC 300,3,300,ACC 310,None,,,,,,
ACC - Accounting,Intermediate Financial Accounting I,ACC 310,3,300,ACC 240,None,,,,,,
ACC - Accounting,Intermediate Financial Accounting II,ACC 320,3,300,ACC 310,None,,,,,,
ACC - Accounting,Federal  Taxation I ,ACC 330,3,300,ACC 230,None,,,,,,
ACC - Accounting,Accounting Information Systems,ACC 350,3,300,"ACC 240, BAD 110",None,,,,,,
ACC - Accounting,Advanced Accounting,ACC 410,3,400,ACC 320,None,,,,,,
ACC - Accounting,Accounting Seminar,ACC 420,3,400,Instructor Permission,None,,,,,,
ACC - Accounting,Federal Taxation II,ACC 430,3,400,ACC 240,None,,,,,,
ACC - Accounting,Auditing,ACC 440,3,400,ACC 320,None,,,,,,
AERO - Aerospace,Foundations of the U.S Air Force,AERO 1012,1,100,None,None,,,,,,
AERO - Aerospace,Leadership Laboratory,AERO 1013L,1,100,None,None,,,,,,
AERO - Aerospace,Air Power History,AERO 2012,1,200,None,None,,,,,,
AERO - Aerospace,Leadership Laboratory II,AERO-2013L,1,200,None,None,,,,,,
AERO - Aerospace,Air Force Leadership Studies ,AERO 3515,3,300,None,None,,,,,,
AERO - Aerospace,Leadership Laboratory III,AERO-3516L,1,300,None,None,,,,,,
AERO - Aerospace,National Security Affairs - Preparing for Active Duty,AERO 4515,3,400,None,None,,,,,,
AERO - Aerospace,Leadership Laboratory IV,AERO-4516L,1,400,None,None,,,,,,
ART - Art,Life Drawing and Composition,ART 101,3,100,None,None,Fall,,,,,
ART - Art,Life Drawing and Composition,ART 102,3,100,ART 101,None,,,,,,
ART - Art,Elementary Design,ART 111,3,100,None,None,,,,,,
ART - Art,Intermediate Design,ART 112,3,100,None,None,,,,,,
ART - Art,Color Fundamentals ,ART 115,3,100,None,None,,Distribution: Studio,,,,
ART - Art,Methods and Materials of Painting I,ART 201,3,200,None,None,,,,,,
ART - Art,Methods and Materials of Painting II,ART 202,3,200,None,None,,,,,,
ART - Art,Arts and Ideas I,ART 207,3,200,None,None,,,,,,
ART - Art,Arts and Ideas II,ART 208,3,200,None,None,,,,,,
ART - Art,Ceramics I ,ART 213,3,200,None,None,,,,,,
ART - Art,Ceramics II,ART 214,3,200,None,None,,,,,,
ART - Art,Photography I ,ART 215,3,200,None,None,,,,,,
ART - Art,Photography II,ART 216,3,200,None,None,,,,,,
ART - Art,Printmaking I,ART 227,3,200,None,None,,,,,,
ART - Art,Printmaking II,ART 228,3,200,None,None,,,,,,
ART - Art,Women and the Arts ,ART 250,3,200,None,None,,,,,,
ART - Art,African American Art,ART 291,3,200,None,None,,,,,,
ART - Art,African Art,ART 292,3,200,None,None,,,,,,
ART - Art,Sculpture I ,ART 301,3,300,None,None,,,,,,
ART - Art,Sculpture II,ART 302,3,300,None,None,,,,,,
ART - Art,Independent Study,ART 400,3,400,None,None,,,,,,
ART - Art,Senior Portfolio,ART 401,3,400,None,None,,,,,,
ART - Art,Senior Portfolio,ART 402,3,400,None,None,,,,,,
BAD - Business Administration,Business Information Systems,BAD 110,3,100,None,None,,,,,,
BAD - Business Administration,Applied Calculus,BAD 200,3,200,MATH 110,None,,,,,,
BAD - Business Administration,Business Law,BAD 220,3,200,None,None,,,,,,
BAD - Business Administration,Business Ethics,BAD 230,3,200,None,None,,,,,,
BAD - Business Administration,Business Communications,BAD 250,3,200,"CORE 150, ENG 275 or HIS 270 or HIS 180",None,,,,,,
BAD - Business Administration,Applied Statistics,BAD 260,3,200,MATH 101,None,,,,,,
BAD - Business Administration,Marketing,BAD 320,3,300,ECON 230,None,,,,,,
BAD - Business Administration,Internship Seminar,BAD 399,3,300,None,None,,,,,,
BAD - Business Administration,Business Policy,BAD 490,3,400,None,None,,,,,,
BIOL - Biology,General Biology I,BIOL 101,3,100,None,BIOL 101L,,,,,,
BIOL - Biology,General Biology I Lab,BIOL 101L,1,100,None,BIOL 101,,,,,,
BIOL - Biology,General Biology II,BIOL 102,3,100,"BIOL 101, BIOL 101L",BIOL 102L,,,,,,
BIOL - Biology,General Biology II Lab,BIOL 102L,1,100,"BIOL 101, BIOL 101L",BIOL 102,,,,,,
BIOL - Biology,Zoological Histology,BIOL 212,3,200,"BIOL 101, BIOL 101L",BIOL 212L,,,,,,
BIOL - Biology,Zoological Histology Lab,BIOL 212L,1,200,"BIOL 101, BIOL 101L",BIOL 212,,,,,,
BIOL - Biology,Zoological Histology,BIOL 220,3,200,"BIOL 101, BIOL 101L",BIOL 220L,,,,,,
BIOL - Biology,Zoological Histology Lab,BIOL 220L,1,200,"BIOL 101, BIOL 101L",BIOL 220,,,,,,
BIOL - Biology,Human Anatomy and Physiology I,BIOL 221,3,200,"BIOL 101, BIOL 101L",BIOL 221L,,,,,,
BIOL - Biology,Human Anatomy and Physiology I Lab,BIOL 221L,1,200,"BIOL 101, BIOL 101L",BIOL 221,,,,,,
BIOL - Biology,Human Anatomy and Physiology II,BIOL 222,3,200,"BIOL 221, BIOL 221L",BIOL 222L,,,,,,
BIOL - Biology,Human Anatomy and Physiology II Lab ,BIOL 222L,1,200,"BIOL 221, BIOL 221L",BIOL 222,,,,,,
BIOL - Biology,Environmental Biology ,BIOL 242,3,200,"BIOL 101, BIOL 101L",BIOL 242L,,,,,,
BIOL - Biology,Environmental Biology Lab,BIOL 242L,1,200,"BIOL 101, BIOL 101L",BIOL 242,,,,,,
BIOL - Biology,Vertebrate Biology: Anatomy,BIOL 255,3,200,"BIOL 101, BIOL 101L",BIOL 255L,,,,,,
BIOL - Biology,Vertebrate Biology: Anatomy Lab,BIOL 255L,1,200,"BIOL 101, BIOL 101L",BIOL 255,,,,,,
BIOL - Biology,Vertebrate Biology: Development,BIOL 256,3,200,"BIOL 101, BIOL 101L",BIOL 256L,,,,,,
BIOL - Biology,Vertebrate Biology: Development Lab,BIOL 256L,1,200,"BIOL 101, BIOL 101L",BIOL 256,,,,,,
BIOL - Biology,Microbiology,BIOL 270,3,200,"BIOL 101, BIOL 101L, CHEM 203, CHEM 233",,,,,,,
BIOL - Biology,Microbiology Lab,BIOL 270L,1,200,"BIOL 101, BIOL 101L, CHEM 203, CHEM 234",BIOL 270,,,,,,
BIOL - Biology,Mathematical Modeling of Biological Systems,BIOL 280,3,200,None,None,,,,,,
BIOL - Biology,Bioinformatics I,BIOL 285,3,200,None,None,,,,,,
BIOL - Biology,Bioinformatics I Lab,BIOL 285L,1,200,None,None,,,,,,
BIOL - Biology,Practical Tools for Bioinformatics,BIOL 286,3,200,"MATH 110, BIOL 101, BIOL 102",,,,,,,
BIOL - Biology,Practical Tools for Bioinformatics Lab,BIOL 286L,1,200,"MATH 110, BIOL 101, BIOL 103",BIOL 286L,,,,,,
BIOL - Biology,Undergraduate Research ,BIOL 290,1 to 3,200,None,None,,,,,,
BIOL - Biology,Undergraduate Research ,BIOL 291,1 to 3,200,None,None,,,,,,
BIOL - Biology,Undergraduate Research ,BIOL 292,1 to 3,200,None,None,,,,,,
BIOL - Biology,Undergraduate Research ,BIOL 293,1 to 3,200,None,None,,,,,,
BIOL - Biology,Genetic Principles,BIOL 305,3,300,"BIOL 101, BIOL 101L, CHEM 203, CHEM 233",,,,,,,
BIOL - Biology,Genetic Principles Lab,BIOL 305L,1,300,"BIOL 101, BIOL 101L, CHEM 203, CHEM 234",BIOL 305,,,,,,
BIOL - Biology,Molecular Plant Biology ,BIOL 313,3,300,"BIOL 102, BIOL 102L, CHEM 234, CHEM 204",,,,,,,
BIOL - Biology,Molecular Plant Biology Lab,BIOL 313L,1,300,"BIOL 102, BIOL 102L, CHEM 234, CHEM 205",BIOL 313,,,,,,
BIOL - Biology,Molecular Cell Biology I,BIOL 343,3,300,"BIOL 305, BIOL 313, CHEM 234",,,,,,,
BIOL - Biology,Molecular Cell Biology I Lab,BIOL 343L,1,300,"BIOL 305, BIOL 313, CHEM 235",BIOL 343,,,,,,
BIOL - Biology,Molecular Cell Biology II,BIOL 344,3,300,"BIOL 343, BIOL 305, BIOL 313, BIOL 343",,,,,,,
BIOL - Biology,Molecular Cell Biology II Lab,BIOL 344L,1,300,"BIOL 343, BIOL 305, BIOL 313, BIOL 344",BIOL 344,,,,,,
BIOL - Biology,Genetic Principles,BIOL 350,3,300,"BIOL 101, BIOL 101L, CHEM 233, CHEM 203",BIOL 350L,,,,,,
BIOL - Biology,Genetic Principles Lab,BIOL 350L,1,300,,BIOL 350,,,,,,
BIOL - Biology,Molecular Cell Biology,BIOL 360,3,300,"BIOL 350, BIOL 350L",BIOL 360L,,,,,,
BIOL - Biology,Molecular Cell Biology Lab,BIOL 360L,1,300,"BIOL 350, BIOL 350L",BIOL 360,,,,,,
BIOL - Biology,Introduction to Cancer Biology,BIOL 370,3,300,None,BIOL 370L,Spring,,,,,
BIOL - Biology,Introduction to Cancer Biology Lab,BIOL 370L,1,300,None,BIOL 370,Spring,,,,,
BIOL - Biology,Special Problems in Biology,BIOL 390,3,300,None,,,,,,,
BIOL - Biology,Special Problems in Biology Honors,BIOL 390H,3,300,Honors with 3.0 GPA,,,,,,,
BIOL - Biology,Undergraduate Research ,BIOL 391, 1 to 3,300,None,,,,,,,
BIOL - Biology,Undergraduate Research ,BIOL 392,1 to 3,300,None,,,,,,,
BIOL - Biology,Undergraduate Research ,BIOL 393,1 to 3,300,None,,,,,,,
BIOL - Biology,Undergraduate Research ,BIOL 394,1 to 3,300,None,,,,,,,
BIOL - Biology,Molecular Methods,BIOL 410,3,400,"BIOL 313, BIOL 313L or NSCI 361, NSCI 361L",BIOL 410L,,,,,,
BIOL - Biology,Molecular Methods Lab,BIOL 410L,1,400,"BIOL 313, BIOL 313L or NSCI 361, NSCI 361L",BIOL 410,,,,,,
BIOL - Biology,Introduction to Neurobiology,BIOL 420,3,400,"BIOL 221, BIOL 222, or Instructor Permission",BIOL 420L,,,,,,
BIOL - Biology,Introduction to Neurobiology Lab,BIOL 420L,1,400,"BIOL 221, BIOL 222, or Instructor Permission",BIOL 420,,,,,,
BIOL - Biology,Essential Developmental Biology,BIOL 440,3,400,"BIOL 101, BIOL 360 or BIOL 410",BIOL 440L,,,,,,
BIOL - Biology,Essential Developmental Biology Lab,BIOL 440L,1,400,"BIOL 101, BIOL 360 or BIOL 410",BIOL 440,,,,,,
BIOL - Biology,"Brain, Behavior and Neuropharmacology",BIOL 450,3,400,"BIOL 420, BIOL 420L",BIOL 450L,,,,,,
BIOL - Biology,"Brain, Behavior and Neuropharmacology Lab",BIOL 450L,1,400,"BIOL 420, BIOL 420L",BIOL 450,,,,,,
BIOL - Biology,Senior Seminar ,BIOL 497,1,400,None,,,,,,,
BIOL - Biology,Senior Seminar,BIOL 498,1,400,None,,,,,,,
CHEM - Chemistry,,CHEM 103,,100,,,,,,,,
CHEM - Chemistry,,CHEM 104,,100,,,,,,,,
CHEM - Chemistry,,CHEM 113,,100,,,,,,,,
CHEM - Chemistry,,CHEM 114,,100,,,,,,,,
CHEM - Chemistry,,CHEM 203,,200,,,,,,,,
CHEM - Chemistry,,CHEM 204,,200,,,,,,,,
CHEM - Chemistry,,CHEM 206,,200,,,,,,,,
CHEM - Chemistry,,CHEM 233,,200,,,,,,,,
CHEM - Chemistry,,CHEM 234,,200,,,,,,,,
CHEM - Chemistry,,CHEM 315,,300,,,,,,,,
CHEM - Chemistry,,CHEM 316,,300,,,,,,,,
CHEM - Chemistry,,CHEM 341,,300,,,,,,,,
CHEM - Chemistry,,CHEM 341L,,300,,,,,,,,
CHEM - Chemistry,,CHEM 342,,300,,,,,,,,
CHEM - Chemistry,,CHEM 342L,,300,,,,,,,,
CHEM - Chemistry,,CHEM 355,,300,,,,,,,,
CHEM - Chemistry,,CHEM 356,,300,,,,,,,,
CHEM - Chemistry,,CHEM 401,,400,,,,,,,,
CHEM - Chemistry,,CHEM 402,,400,,,,,,,,
CHEM - Chemistry,,CHEM 450,,400,,,,,,,,
CHEM - Chemistry,,CHEM 457,,400,,,,,,,,
CHEM - Chemistry,,CHEM 470,,400,,,,,,,,
CHEM - Chemistry,,CHEM 470L,,400,,,,,,,,
CORE - Core Curriculum,New Student Orientation,CORE 100,1,100,None,,,,,,,
CORE - Core Curriculum,Critical Thinking,CORE 120,2,100,None,,,,,,,
CORE - Core Curriculum,Essential Mathematics for a Contemporary World,CORE 131,3,100,None,,,,,,,
CORE - Core Curriculum,Essential Mathematics for a Contemporary World II,CORE 132,3,100,None,,,,,,,
CORE - Core Curriculum,African American Heritage,CORE 140,3,100,None,,,,,,,
CORE - Core Curriculum,Composition I,CORE 150,3,100,None,,,,,,,
CORE - Core Curriculum,Composition II,CORE 160,3,100,CORE 150,,,,,,,
CORE - Core Curriculum,Introduction to Business and Entrepreneurship,CORE 201,3,200,CORE 160,,,,,,,
CORE - Core Curriculum,Introduction to Social Justice,CORE 210,3,200,None,,,,,,,
CORE - Core Curriculum,The Creative Arts,CORE 220,3,200,None,,,,,,,
CORE - Core Curriculum,Natural Science ,CORE 240,3,200,CORE 131,,,,,,,
CORE - Core Curriculum,Humanities,CORE 260,3,200,CORE 160,,,,,,,
CORE - Core Curriculum,The World and its Peoples,CORE 360,3,300,CORE 260,,,,,,,
CRJ - Criminal Justice,Introduction to Criminal Justice,CRJ 200,3,200,None,,,,,,,
CRJ - Criminal Justice,Police and Society,CRJ 210,3,200,CRJ 200,,,,,,,
CRJ - Criminal Justice,Corrections,CRJ 220,3,200,CRJ 200,,,,,,,
CRJ - Criminal Justice,Women and Crime,CRJ 260,3,200,None,,,,,,,
CRJ - Criminal Justice,Research and Technology in Criminal justice,CRJ 300,3,300,"HSS 280, CRJ 200",,,,,,,
CRJ - Criminal Justice,Crime Victims,CRJ 342,3,300,CRJ 200,,,,,,,
CRJ - Criminal Justice,Comparative Criminal Justice,CRJ 365,3,300,CRJ 200,,,,,,,
CRJ - Criminal Justice,Global Terrorism,CRJ 374,3,300,CRJ 200,,,,,,,
CRJ - Criminal Justice,Cyber Security,CRJ 384,3,300,CRJ 200,,,,,,,
CRJ - Criminal Justice,White Collar Crime,CRJ 385,3,300,CRJ 200,,,,,,,
CRJ - Criminal Justice,Senior Seminar,CRJ 499,3,400,None,,,,,,,
CSCI - Computer Science,,CSCI 100,,100,,,,,,,,
CSCI - Computer Science,,CSCI 110,,100,,,,,,,,
CSCI - Computer Science,,CSCI 110L,,100,,,,,,,,
CSCI - Computer Science,,CSCI 120,,100,,,,,,,,
CSCI - Computer Science,,CSCI 120L,,100,,,,,,,,
CSCI - Computer Science,,CSCI 201,,200,,,,,,,,
CSCI - Computer Science,,CSCI 201M,,200,,,,,,,,
CSCI - Computer Science,,CSCI 202,,200,,,,,,,,
CSCI - Computer Science,,CSCI 210,,200,,,,,,,,
CSCI - Computer Science,,CSCI 230,,200,,,,,,,,
CSCI - Computer Science,,CSCI 230L,,200,,,,,,,,
CSCI - Computer Science,,CSCI 241,,200,,,,,,,,
CSCI - Computer Science,,CSCI 241L,,200,,,,,,,,
CSCI - Computer Science,,CSCI 261,,200,,,,,,,,
CSCI - Computer Science,,CSCI 261L,,200,,,,,,,,
CSCI - Computer Science,,CSCI 280,,200,,,,,,,,
CSCI - Computer Science,,CSCI 280L,,200,,,,,,,,
CSCI - Computer Science,,CSCI 282,,200,,,,,,,,
CSCI - Computer Science,,CSCI 282L,,200,,,,,,,,
CSCI - Computer Science,,CSCI 285,,200,,,,,,,,
CSCI - Computer Science,,CSCI 285L,,200,,,,,,,,
CSCI - Computer Science,,CSCI 286,,200,,,,,,,,
CSCI - Computer Science,,CSCI 291,,200,,,,,,,,
CSCI - Computer Science,,CSCI 301,,300,,,,,,,,
CSCI - Computer Science,,CSCI 301M,,300,,,,,,,,
CSCI - Computer Science,,CSCI 302,,300,,,,,,,,
CSCI - Computer Science,,CSCI 310,,300,,,,,,,,
CSCI - Computer Science,,CSCI 312,,300,,,,,,,,
CSCI - Computer Science,,CSCI 312H,,300,,,,,,,,
CSCI - Computer Science,,CSCI 312L,,300,,,,,,,,
CSCI - Computer Science,,CSCI 320,,300,,,,,,,,
CSCI - Computer Science,,CSCI 360,,300,,,,,,,,
CSCI - Computer Science,,CSCI 370,,300,,,,,,,,
CSCI - Computer Science,,CSCI 380,,300,,,,,,,,
CSCI - Computer Science,,CSCI 380L,,300,,,,,,,,
CSCI - Computer Science,,CSCI 390,,300,,,,,,,,
CSCI - Computer Science,,CSCI 390M,,300,,,,,,,,
CSCI - Computer Science,,CSCI 398,,300,,,,,,,,
CSCI - Computer Science,,CSCI 411,,400,,,,,,,,
CSCI - Computer Science,,CSCI 412,,400,,,,,,,,
ECON - Economics,Principles of Microeconomics,ECON 230,3,200,MATH 101,,,,,,,
ECON - Economics,Principles of Macroeconomics,ECON 240,3,200,MATH 101,,,,,,,
ECON - Economics,Foundations of Financial Economics,ECON 300,2,300,"BAD 200, BAD 260, ECON 230, ECON 240",,,,,,,
ECON - Economics,Managerial Economics,ECON 330,3,300,"ECON 230, MATH 101, BAD 260",,,,,,,
ECON - Economics,Macroeconomic Analysis,ECON 340,3,300,"ECON 240, BAD 200 or MATH 120",,,,,,,
ECON - Economics,Microeconomic Analysis,ECON 340A,3,300,ECON 230,,,,,,,
ECON - Economics,International Economics,ECON 350,3,300,"ECON 230, ECON 240",,,,,,,
ECON - Economics,Introduction to Econometrics,ECON 370,3,300,"ECON 230, ECON 240, BAD 200, BAD 260",,,,,,,
ECON - Economics,Topics in Economics,ECON 400,1 to 4,400,"ECON 330, ECON 340",,,,,,,
ECON - Economics,Business Ethics,ECON 400R,3,400,"ECON 330, ECON 340",,,,,,,
ECON - Economics,Economics of Development,ECON 450,3,400,"ECON 230, ECON 240",,,,,,,
EDUC - Education,Elementary Health and Physical Activity,EDUC 100,3,100,None,,,,,,,
EDUC - Education,Educational Psychology,EDUC 248,3,200,None,,,,,,,
EDUC - Education,Fundamental Responsibilities of Teaching ,EDUC 250,1,200,None,,,,,,,
EDUC - Education,Theory and Pratice of Teaching ,EDUC 260,3,200,None,,,,,,,
EDUC - Education,Teaching Reading in the Elementary Schools I,EDUC 310,3,300,None,,,,,,,
EDUC - Education,Elementary Curriculum and Methods I ,EDUC 320,3,300,"EDUC 250, PSY 205, Admission to the elementary Teacher Education Program ",PSY 205,,,,,,
EDUC - Education,Elementary Curriculum and Methods ,EDUC 320BL,3,300,"EDUC 250, EDUC 260, PSY 205",,,,Summer I,,,
EDUC - Education,Elementary Curriculum and Methods II,EDUC 330,3,300,"EDUC 250, PSY 205, Admission to the elementary Teacher Education Program ",,,,,,,
EDUC - Education,Secondary Curriculum and Methods I ,EDUC 340,3,300,"EDUC 250, PSY 205, Admission to the Secondary Teacher Education Program ",PSY 205,,,,,,
EDUC - Education,Secondary Curriculum and Methods I,EDUC 340BL,3,300,"EDUC 250, EDUC 260, PSY 205",,,,Summer I,,,
EDUC - Education,Secondary Curriculum and Methods II ,EDUC 350,3,300,"EDUC 250, PSY 205, Admission to the Secondary Teacher Education Program ",,,,,,,
EDUC - Education,Teaching Reading in the Elementary Schools II,EDUC 360,3,300,None,,,,,,,
EDUC - Education,Elementary Student Teaching ,EDUC 400,9,400,"EDUC 320, EDUC 330, Admission to the Elementary Teacher Education Program ",,,,,,,
EDUC - Education,Elementary Student Teaching II,EDUC 400N,9,400,"EDUC 320, EDUC 330",,,,,,,
EDUC - Education,Elementary Student Seminar ,EDUC 410,3,400,None,EDUC 400,,,,,,
EDUC - Education,Secondary Student Teaching ,EDUC 450,9,400,"EDUC 340, EDUC 350, Admission to the Secondary Teacher Education Program ",EDUC 460,,,,,,
EDUC - Education,Secondary Student Teaching II,EDUC 450N,9,400,"EDUC 340, EDUC 350",,,,,,,
EDUC - Education,Secondary Student Seminar ,EDUC 460,3,400,None,EDUC 450,,,,,,
EDUC - Education,Secondary Education Seminar II,EDUC 460M,3,400,EDUC 340,,,,,,,
ENG - English,Advanced Composition ,ENG 146,3,100,None,,,,,,,
ENG - English,Writers' Workshop,ENG 150,3,100,None,,,,,,,
ENG - English,Studies in Literature,ENG 180,3,100,None,,,,,,,
ENG - English,Survey of American Literature,ENG 220,3,200,None,,,,,,,
ENG - English,American Literature II - Figure ,ENG 222,3,200,ENG 220,,,,,,,
ENG - English,American Literature II - Period,ENG 224,3,200,ENG 220,,,,,,,
ENG - English,American Literature II - Genre,ENG 226,3,200,ENG 220,,,,,,,
ENG - English,British Literature - Figure,ENG 232,3,200,ENG 230,,,,,,,
ENG - English,British Literature - Period ,ENG 234,3,200,ENG 230,,,,,,,
ENG - English,British Literature - Genre ,ENG 236,3,200,ENG 230,,,,,,,
ENG - English,Women and Literature ,ENG 240,3,200,None,,,,,,,
ENG - English,Honors Women and Literature ,ENG 240F,3,200,CORE 110,,,,,,,
ENG - English,Shakespeare,ENG 265,3,200,None,,,,,,,
ENG - English,African American Literature to 1919,ENG 275,3,200,None,,,,,,,
ENG - English,The Harlem Renaissance to the Present,ENG 276,3,200,None,,,,,,,
ENG - English,Seminar ,ENG 280,3,200,None,,,,,,,
ENG - English,World Literature ,ENG 290,3,200,"CORE 150, CORE 160",,,,,,,
ENG - English,Survey of British Literature ,ENG 330,3,300,None,,,,,,,
ENG - English,Biritish Literature II - Figure ,ENG 332,3,300,ENG 330,,,,,,,
ENG - English,British Literature II - Period,ENG 334,3,300,ENG 330,,,,,,,
ENG - English,British Literature II - Genre,ENG 336,3,300,ENG 330,,,,,,,
ENG - English,Senior Seminar,ENG 480,3,400,None,,,,,,,
FIN - Finance,Financial Statement Analysis,FIN 310,3,300,ACC 240,,,,,,,
FIN - Finance,Business Finance,FIN 320,3,300,"ACC 240, BAD 260, ECON 230",,,,,,,
FIN - Finance,Corporate Financial Management,FIN 330,3,300,FIN 320,,,,,,,
FIN - Finance,Financial Markets,FIN 350,3,300,"ECON 230, ECON 240, FIN 320",,,,,,,
FIN - Finance,Financial Markets,FIN 350A,3,300,"ECON 230, ECON 240, ECON 300",,,,,,,
FIN - Finance,Futures and Options Market,FIN 350B,3,300,"ECON 300, FIN 350A",,,,,,,
FIN - Finance,Enterprise Risk Management,FIN 360,3,300,None,,,,,,,
FIN - Finance,Investments: Analysis and Management,FIN 370,3,300,FIN 320,,,,,,,
FIN - Finance,International Financial Management ,FIN 410,3,400,FIN 320,,,,,,,
FIN - Finance,Financial Institutions Management,FIN 420,3,400,FIN 320,,,,,,,
FLM - Film,Elements of History of Film,FLM 103,3,100,None,,,,,,,
FLM - Film,Film Tech I,FLM 112,3,100,None,,,,,,,
FLM - Film,Film History I,FLM 201,3,200,None,,,,,,,
FLM - Film,Film History II,FLM 202,3,200,None,,,,,,,
FLM - Film,Social Documentary Filmmaking,FLM 251,3,200,None,,,,,,,
FLM - Film,Short Film I ,FLM 260,3,200,None,,,,,,,
FLM - Film,Short Film II,FLM 261,3,200,FLM 260,,,,,,,
FLM - Film,Special Topics,FLM 271,3,200,None,,,,,,,
FLM - Film,African American Film History*,FLM 271A,3,200,None,,,,,,,
FLM - Film,Internship: Film Industry*,FLM 271 I,3,200,None,,,,,,,
FLM - Film,Post Colonial Literature and Film*,FLM 280,3,200,None,,,,,,,
FREN - French,Elementary French I,FREN 101,3,100,None,,,,,,,
FREN - French,Elementary French II,FREN 102,3,100,FREN 101,,,,,,,
FREN - French,Intensive Intermediate French,FREN 200,3,200,FREN 102,,,,,,,
FREN - French,Contemporary French Culture ,FREN 301,3,300,FREN 200,,,,,,,
FREN - French,Phonetic,FREN 302,3,300,FREN 200,,,,,,,
FREN - French,Conversation and Composition I,FREN 311,3,300,FREN 200,,,,,,,
FREN - French,Conversation and Composition II,FREN 312,3,300,FREN 200,,,,,,,
FREN - French,French Masterpieces I,FREN 313,3,300,None,,,,,,,
FREN - French,French Masterpieces II,FREN 314,3,300,None,,,,,,,
FREN - French,Reading French,FREN 320,3,300,None,,,,,,,
FREN - French,Independent Study ,FREN 330,3,300,FREN 311,,,,,,,
FREN - French,Black French Literature ,FREN 350,3,300,"FREN 311, FREN 312",,,,,,,
FREN - French,Twentieth Century,FREN 360,3,300,None,,,,,,,
FREN - French,Topics in French Literature and Culture,FREN 370,3,300,None,,,,,,,
GRD - Graphic Design,History of Graphic Design,GRD 101,3,100,None,,Distribution: Lecture,,,,,
GRD - Graphic Design,Graphic Design I,GRD 110,3,100,None,,,,,,,
GRD - Graphic Design,Fundamentals of Typography,GRD 121,3,100,None,,Distribution: Studio,,,,,
GRD - Graphic Design,Concept Development,GRD 210,3,200,None,,Distribution: Studio,,,,,
GRD - Graphic Design,Digital Design I ,GRD 230,3,200,None,,Distribution: Studio,,,,,
GRD - Graphic Design,Digital Design II,GRD 231,3,200,None,,Distribution: Studio,,,,,
GRD - Graphic Design,Experimental Typography,GRD 232,3,200,None,,Distribution: Studio,,,,,
GRD - Graphic Design,Professional Practices,GRD 251,3,200,None,,Distribution: Lecture,,,,,
GRD - Graphic Design,Brand Development,GRD 310,3,300,None,,Distribution: Studio,,,,,
HCA - Healthcare Administration,Introduction to Healthcare Administration,HCA 201,3,200,None,,,,,,,
HCA - Healthcare Administration,Approaches to Planning HC,HCA 210,3,200,HCA 201,,,,,,,
HCA - Healthcare Administration,Health Economics,HCA 310,3,300,"ECON 230, ECON 240, HCA 201",,,,,,,
HCA - Healthcare Administration,Health Facilities Law,HCA 320,3,300,HCA 201,,,,,,,
HCA - Healthcare Administration,Health Care Management I ,HCA 421,3,400,"BAD 260, HCA 201",,,,,,,
HCA - Healthcare Administration,Health Care Research,HCA 490,3,400,"BAD 260, HCA 201",,,,,,,
HIS - History,Introduction to the Study of History,HIS 150,3,100,None,,,,,,,
HIS - History,United States History,HIS 160,3,100,None,,,,,,,
HIS - History,African History,HIS 180,3,100,None,,,,,,,
HIS - History,European History,HIS 190,3,100,None,,,,,,,
HIS - History,Selected Topics in U.S History,HIS 200,3,200,None,,,,,,,
HIS - History,Selected Topics in Afro-American History,HIS 210,3,200,None,,,,,,,
HIS - History,Selected Topics in African History,HIS 220,3,200,None,,,,,,,
HIS - History,Selected Topics in World History,HIS 230,3,200,None,,,,,,,
HIS - History,Selected Topics in Women's History,HIS 240,3,200,None,,,,,,,
HIS - History,African American History,HIS 270,3,200,"CORE 150, ENG 275 or HIS 180",,,,,,,
HIS - History,Historiography and Methodology,HIS 300,3,300,None,,,,,,,
HIS - History,History Seminar,HIS 350,3,300,None,,,,,,,
HIS - History,Modern World History,HIS 360,3,300,None,,,,,,,
HIS - History,Internship In History ,HIS 370,3,300,None,,,,,,,
HIS - History,Senior Seminar,HIS 499,3,400,None,,,,,,,
HMLS - Homeland Security,Introduction to Emergency Management,HMLS 201,3,200,None,,,,,,,
HMLS - Homeland Security,Border and Immigration Control,HMLS 220,3,200,None,,,,,,,
HMLS - Homeland Security,Introduction to Homeland Security,HMLS 225,3,200,None,,,,,,,
HMLS - Homeland Security,Social Dimensions of Disasters,HMLS 365,3,300,None,,,,,,,
HMLS - Homeland Security,Critical Infrastructure Protection,HMLS 400,3,400,None,,,,,,,
HON - Honors,Introduction to the Honors Program I,HON 111,2,100,Admission to the W.E.B Du Bois General University Honors Program,,,,,,,
HON - Honors,Introduction to the Honors Program II,HON 112,2,100,Admission to the W.E.B Du Bois General University Honors Program,,,,,,,
HON - Honors,Freshman Honors Independent Study I,HON 121,2,100,Admission to the W.E.B Du Bois General University Honors Program,,,,,,,
HON - Honors,Freshman Honors Independent Study II,HON 122,2,100,Admission to the W.E.B Du Bois General University Honors Program,,,,,,,
HON - Honors,Sophomore Honors Colloquium,HON 211,3,200,"Admission to the W.E.B Du Bois General University Honors Program, 3.0 or better Grade Point Average",,,,,,,
HON - Honors,Sophomore Honors Independent Study I,HON 221,2,200,"Admission to the W.E.B Du Bois General University Honors Program, 3.0 or better Grade Point Average",,,,,,,
HON - Honors,Sophomore Honors Independent Study II,HON 222,2,200,"Admission to the W.E.B Du Bois General University Honors Program, 3.0 or better Grade Point Average",,,,,,,
HON - Honors,Junior Honors Colloquium I ,HON 311,3,300,"Admission to the W.E.B Du Bois General University Honors Program, 3.0 or better Grade Point Average",,,,,,,
HON - Honors,Junior Honors Colloquium II,HON 312,3,300,"Admission to the W.E.B Du Bois General University Honors Program, 3.0 or better Grade Point Average",,,,,,,
HON - Honors,Junior Honors Independent Study I,HON 321,3,300,"Admission to the W.E.B Du Bois General University Honors Program, 3.0 or better Grade Point Average",,,,,,,
HON - Honors,Junior Honors Independent Study II,HON 322,3,300,"Admission to the W.E.B Du Bois General University Honors Program, 3.0 or better Grade Point Average",,,,,,,
HON - Honors,Senior Honors Colloquium I,HON 411,3,400,"Admission to the W.E.B Du Bois General University Honors Program, 3.0 or better Grade Point Average",,,,,,,
HON - Honors,Senior Honors Colloquium II,HON 412,3,400,"Admission to the W.E.B Du Bois General University Honors Program, 3.0 or better Grade Point Average",,,,,,,
HON - Honors,Senior Honors Independent Study I,HON 421,3,400,"Admission to the W.E.B Du Bois General University Honors Program, 3.0 or better Grade Point Average",,,,,,,
HON - Honors,Senior Honors Independent Study II,HON 422,3,400,"Admission to the W.E.B Du Bois General University Honors Program, 3.0 or better Grade Point Average",,,,,,,
HON - Honors,Senior Honors Project ,HON 497,3,400,None,,,,,,,
HON - Honors,Senior Honors Project ,HON 498,3,400,None,,,,,,,
HSS - Humanities and Social Sciences,SpeciaL Topics,HSS 170,3,100,None,,,,,,,
HSS - Humanities and Social Sciences,Logic,HSS 170L,3,100,None,,,,,,,
HSS - Humanities and Social Sciences,Public Speaking ,HSS 180,3,100,None,,,,,,,
HSS - Humanities and Social Sciences,African American History and Virtual Reality ,HSS 220,3,200,None,,,,,,,
HSS - Humanities and Social Sciences,Topics in Broadcasting,HSS 229,3,200,None,,,,,,,
HSS - Humanities and Social Sciences,Mass Media and Society,HSS 235,3,200,None,,,,,,,
HSS - Humanities and Social Sciences,Introduction to Journalism,HSS 237,3,200,None,,,,,,,
HSS - Humanities and Social Sciences,Topics in Journalism,HSS 238,3,200,None,,,,,,,
HSS - Humanities and Social Sciences,Practicum in Mass Communications,HSS 240,1 to 3,200,Instructor Permission,,,,,,,
HSS - Humanities and Social Sciences,Newspaper Production ,HSS 242,3,200,None,,,,,,,
HSS - Humanities and Social Sciences,Introduction to Women's Studies,HSS 250,3,200,None,,,,,,,
HSS - Humanities and Social Sciences,Social Research Methods,HSS 280,3,200,CORE 130,,,,,,,
HSS - Humanities and Social Sciences,Behavioral Statistics,HSS 290,3,200,None,,,,,,,
HSS - Humanities and Social Sciences,Black Experiences,HSS 380,3,300,None,,,,,,,
HSS - Humanities and Social Sciences,"Multicultural Diversity, Social Inequality, and the Pursuit of Health in Global Perspective",HSS 380A,3,300,None,,,,,,,
IND - Interior Design,Design Fundamentals,IND 101,3,100,None,,Distribution: Studio,,,,,
IND - Interior Design,Architectural Drawing I,IND 111,3,100,None,,Distribution: Studio,,,,,
IND - Interior Design,Building Construction,IND 113,3,100,None,,Distribution: Studio,,,,,
IND - Interior Design,Textiles and Furnishes,IND 205,3,200,None,,Distribution: Lecture,,,,,
IND - Interior Design,History of Architectural and Design I,IND 206,3,200,None,,Distribution: Lecture,,,,,
IND - Interior Design,History of Architectural and Design II,IND 207,3,200,None,,Distribution: Lecture,,,,,
IND - Interior Design,CAD I,IND 311,3,300,None,,Distribution: Studio,,,,,
INS - Insurance and Risk Management,Risk Management Insurance I,INS 101,3,100,None,,,,,,,
INS - Insurance and Risk Management,Agency Operation and Distribution Channels,INS 102,3,100,None,,,,,,,
INS - Insurance and Risk Management,Claims and Operations Adjustment,INS 103,3,100,None,,,,,,,
INS - Insurance and Risk Management,Property and Casualty Insurance,INS 104,3,100,None,,,,,,,
INS - Insurance and Risk Management,Life and Health Insurance,INS 105,3,100,None,,,,,,,
INS - Insurance and Risk Management,Risk Management Insurance II,INS 106,3,100,None,,,,,,,
INS - Insurance and Risk Management,Insurance Operations and Applied Accounting,INS 107,3,100,None,,,,,,,
INS - Insurance and Risk Management,Insurance and Society,INS 108,3,100,None,,,,,,,
INS - Insurance and Risk Management,"Insurance, Innovation and Communities",INS 109,3,100,None,,,,,,,
INS - Insurance and Risk Management,Licensure Exam Preparation,INS 110,3,100,None,,,,,,,
INS - Insurance and Risk Management,The Changing Insurance Landscape,INS 111,3,100,None,,,,,,,
INS - Insurance and Risk Management,Compliance and Ethics ,INS 112,3,100,None,,,,,,,
KINS - Kinesiology,,KINS 111,,100,,,,,,,,
KINS - Kinesiology,,KINS 120,,100,,,,,,,,
KINS - Kinesiology,,KINS 120L,,100,,,,,,,,
KINS - Kinesiology,,KINS 122,,100,,,,,,,,
KINS - Kinesiology,,KINS 122L,,100,,,,,,,,
KINS - Kinesiology,,KINS 123,,100,,,,,,,,
KINS - Kinesiology,,KINS 125,,100,,,,,,,,
KINS - Kinesiology,,KINS 125L,,100,,,,,,,,
KINS - Kinesiology,,KINS 132,,100,,,,,,,,
KINS - Kinesiology,,KINS 133,,100,,,,,,,,
KINS - Kinesiology,,KINS 133L,,100,,,,,,,,
KINS - Kinesiology,,KINS 134,,100,,,,,,,,
KINS - Kinesiology,,KINS 243,,200,,,,,,,,
KINS - Kinesiology,,KINS 243L,,200,,,,,,,,
KINS - Kinesiology,,KINS 275,,200,,,,,,,,
KINS - Kinesiology,,KINS 275L,,200,,,,,,,,
KINS - Kinesiology,,KINS 278,,200,,,,,,,,
KINS - Kinesiology,,KINS 320,,300,,,,,,,,
KINS - Kinesiology,,KINS 320L,,300,,,,,,,,
KINS - Kinesiology,,KINS 322,,300,,,,,,,,
KINS - Kinesiology,,KINS 322L,,300,,,,,,,,
KINS - Kinesiology,,KINS 369,,300,,,,,,,,
KINS - Kinesiology,,KINS 369L,,300,,,,,,,,
KINS - Kinesiology,,KINS 370,,300,,,,,,,,
KINS - Kinesiology,,KINS 375,,300,,,,,,,,
KINS - Kinesiology,,KINS 381,,300,,,,,,,,
KINS - Kinesiology,,KINS 382,,300,,,,,,,,
KINS - Kinesiology,,KINS 390,,300,,,,,,,,
KINS - Kinesiology,,KINS 391,,300,,,,,,,,
KINS - Kinesiology,,KINS 400,,400,,,,,,,,
KINS - Kinesiology,,KINS 401,,400,,,,,,,,
KINS - Kinesiology,,KINS 407,,400,,,,,,,,
KINS - Kinesiology,,KINS 414,,400,,,,,,,,
KINS - Kinesiology,,KINS 420,,400,,,,,,,,
KINS - Kinesiology,,KINS 425,,400,,,,,,,,
KINS - Kinesiology,,KINS 464,,400,,,,,,,,
KINS - Kinesiology,,KINS 475,,400,,,,,,,,
KINS - Kinesiology,,KINS 478,,400,,,,,,,,
KINS - Kinesiology,,KINS 486,,400,,,,,,,,
MATH - Mathematics,,MATH 100,,100,,,,,,,,
MATH - Mathematics,,MATH 101,,100,,,,,,,,
MATH - Mathematics,,MATH 110,,100,,,,,,,,
MATH - Mathematics,,MATH 115,,100,,,,,,,,
MATH - Mathematics,,MATH 120,,100,,,,,,,,
MATH - Mathematics,,MATH 121,,100,,,,,,,,
MATH - Mathematics,,MATH 125,,100,,,,,,,,
MATH - Mathematics,,MATH 130,,100,,,,,,,,
MATH - Mathematics,,MATH 200,,200,,,,,,,,
MATH - Mathematics,,MATH 201,,200,,,,,,,,
MATH - Mathematics,,MATH 202,,200,,,,,,,,
MATH - Mathematics,,MATH 210,,200,,,,,,,,
MATH - Mathematics,,MATH 220,,200,,,,,,,,
MATH - Mathematics,,MATH 240,,200,,,,,,,,
MATH - Mathematics,,MATH 240L,,200,,,,,,,,
MATH - Mathematics,,MATH 270,,200,,,,,,,,
MATH - Mathematics,,MATH 270L,,200,,,,,,,,
MATH - Mathematics,,MATH 271,,200,,,,,,,,
MATH - Mathematics,,MATH 280,,200,,,,,,,,
MATH - Mathematics,,MATH 280L,,200,,,,,,,,
MATH - Mathematics,,MATH 285,,200,,,,,,,,
MATH - Mathematics,,MATH 317,,300,,,,,,,,
MATH - Mathematics,,MATH 320,,300,,,,,,,,
MATH - Mathematics,,MATH 353,,300,,,,,,,,
MATH - Mathematics,,MATH 390,,300,,,,,,,,
MATH - Mathematics,,MATH 390B,,300,,,,,,,,
MATH - Mathematics,,MATH 395,,300,,,,,,,,
MATH - Mathematics,,MATH 398,,300,,,,,,,,
MGT - Management,Management Principles and Practice,MGT 280,3,200,None,,,,,,,
MGT - Management,Human Resource Management,MGT 320,3,300,MGT 280,,,,,,,
MGT - Management,Production and Operations Management,MGT 330,3,300,BAD 260,,,,,,,
MGT - Management,Organizational Behavior,MGT 340,3,300,MGT 280,,,,,,,
MGT - Management,International Business,MGT 350,3,300,MGT 280,,,,,,,
MGT - Management,Entrepreneurial Development,MGT 380,3,300,None,,,,,,,
MGT - Management,Topics in Management,MGT 400,1 to 3,400,Instructor Permission,,,,,,,
MGT - Management,Leadership,MGT 405,3,400,None,,,,,,,
MGT - Management,Strategic Marketing,MGT 422,3,400,BAD 320,,,,,,,
MKT - Marketing,Marketing Principles,MKT 300,3,300,None,,,,,,,
MKT - Marketing,Consumer Behavior,MKT 310,3,300,None,,,,,,,
MKT - Marketing,Digital Marketing,MKT 320,3,300,None,,,,,,,
MKT - Marketing,Brand Strategy,MKT 330,3,300,None,,,,,,,
MKT - Marketing,Integrated Marketing Communications,MKT 340,3,300,None,,,,,,,
MKT - Marketing,Music Marketing,MKT 350,3,300,None,,,,,,,
MKT - Marketing,Supply Management,MKT 360,3,300,None,,,,,,,
MKT - Marketing,Professional Selling And Sales Management,MKT 370,3,300,None,,,,,,,
MKT - Marketing,Healthcare Marketing,MKT 380,3,300,None,,,,,,,
MKT - Marketing,Special Topics in Marketing,MKT 400,3,400,None,,,,,,,
MKT - Marketing,Marketing Analytics,MKT 410,3,400,None,,,,,,,
MKT - Marketing,Marketing Strategy,MKT 420,3,400,MKT 300,,,,,,,
MS - Military Science,Foundations of Officership,MS 111,1,100,None,,,,,,,
MS - Military Science,Basic Leadership,MS 113,2,100,None,,,,,,,
MS - Military Science,American Military History: Principles of War,MS 151,3,100,None,,,,,,,
MS - Military Science,Leadership and Teamwork,MS 152,2,100,None,,,,,,,
MS - Military Science,Leadership and Problem Solving,MS 211,3,200,None,,,,,,,
MS - Military Science,Leadership and Ethics,MS 212,3,200,None,,,,,,,
MS - Military Science,Leadership and Management: Developing Adaptive Leaders,MS 251,3,200,None,,,,,,,
MS - Military Science,Officership,MS 252,3,200,None,,,,,,,
MUS - Music,,MUS 050X,,0,,,,,,,,
MUS - Music,,MUS 052X,,0,,,,,,,,
MUS - Music,,MUS 053X,,0,,,,,,,,
MUS - Music,,MUS 054X,,0,,,,,,,,
MUS - Music,,MUS 060A,,0,,,,,,,,
MUS - Music,,MUS 060B,,0,,,,,,,,
MUS - Music,,MUS 070X,,0,,,,,,,,
MUS - Music,,MUS 100,,100,,,,,,,,
MUS - Music,,MUS 101,,100,,,,,,,,
MUS - Music,,MUS 102,,100,,,,,,,,
MUS - Music,,MUS 110,,100,,,,,,,,
MUS - Music,,MUS 120,,100,,,,,,,,
MUS - Music,,MUS 150A,,100,,,,,,,,
MUS - Music,,MUS 150B,,100,,,,,,,,
MUS - Music,,MUS 151,,100,,,,,,,,
MUS - Music,,MUS 152,,100,,,,,,,,
MUS - Music,,MUS 157,,100,,,,,,,,
MUS - Music,,MUS 158,,100,,,,,,,,
MUS - Music,,MUS 160A,,100,,,,,,,,
MUS - Music,,MUS 160B,,100,,,,,,,,
MUS - Music,,MUS 161,,100,,,,,,,,
MUS - Music,,MUS 162,,100,,,,,,,,
MUS - Music,,MUS 170A,,100,,,,,,,,
MUS - Music,,MUS 170B,,100,,,,,,,,
MUS - Music,,MUS 171,,100,,,,,,,,
MUS - Music,,MUS 172,,100,,,,,,,,
MUS - Music,,MUS 200,,200,,,,,,,,
MUS - Music,,MUS 201,,200,,,,,,,,
MUS - Music,,MUS 202,,200,,,,,,,,
MUS - Music,,MUS 205,,200,,,,,,,,
MUS - Music,,MUS 206,,200,,,,,,,,
MUS - Music,,MUS 207,,200,,,,,,,,
MUS - Music,,MUS 208,,200,,,,,,,,
MUS - Music,,MUS 225,,200,,,,,,,,
MUS - Music,,MUS 226,,200,,,,,,,,
MUS - Music,,MUS 227,,200,,,,,,,,
MUS - Music,,MUS 228,,200,,,,,,,,
MUS - Music,,MUS 229,,200,,,,,,,,
MUS - Music,,MUS 250A,,200,,,,,,,,
MUS - Music,,MUS 250B,,200,,,,,,,,
MUS - Music,,MUS 251,,200,,,,,,,,
MUS - Music,,MUS 252,,200,,,,,,,,
MUS - Music,,MUS 253,,200,,,,,,,,
MUS - Music,,MUS 254,,200,,,,,,,,
MUS - Music,,MUS 260A,,200,,,,,,,,
MUS - Music,,MUS 260B,,200,,,,,,,,
MUS - Music,,MUS 261,,200,,,,,,,,
MUS - Music,,MUS 262,,200,,,,,,,,
MUS - Music,,MUS 263,,200,,,,,,,,
MUS - Music,,MUS 264,,200,,,,,,,,
MUS - Music,,MUS 270A,,200,,,,,,,,
MUS - Music,,MUS 270B,,200,,,,,,,,
MUS - Music,,MUS 271,,200,,,,,,,,
MUS - Music,,MUS 272,,200,,,,,,,,
MUS - Music,,MUS 273,,200,,,,,,,,
MUS - Music,,MUS 273,,200,,,,,,,,
MUS - Music,,MUS 274,,200,,,,,,,,
MUS - Music,,MUS 281,,200,,,,,,,,
MUS - Music,,MUS 282,,200,,,,,,,,
MUS - Music,,MUS 303,,300,,,,,,,,
MUS - Music,,MUS 305,,300,,,,,,,,
MUS - Music,,MUS 307,,300,,,,,,,,
MUS - Music,,MUS 308,,300,,,,,,,,
MUS - Music,,MUS 313,,300,,,,,,,,
MUS - Music,,MUS 315,,300,,,,,,,,
MUS - Music,,MUS 320,,300,,,,,,,,
MUS - Music,,MUS 323,,300,,,,,,,,
MUS - Music,,MUS 324,,300,,,,,,,,
MUS - Music,,MUS 330,,300,,,,,,,,
MUS - Music,,MUS 340,,300,,,,,,,,
MUS - Music,,MUS 350,,300,,,,,,,,
MUS - Music,,MUS 351,,300,,,,,,,,
MUS - Music,,MUS 352,,300,,,,,,,,
MUS - Music,,MUS 355,,300,,,,,,,,
MUS - Music,,MUS 356,,300,,,,,,,,
MUS - Music,,MUS 360,,300,,,,,,,,
MUS - Music,,MUS 361,,300,,,,,,,,
MUS - Music,,MUS 362,,300,,,,,,,,
MUS - Music,,MUS 365,,300,,,,,,,,
MUS - Music,,MUS 366,,300,,,,,,,,
MUS - Music,,MUS 370,,300,,,,,,,,
MUS - Music,,MUS 371,,300,,,,,,,,
MUS - Music,,MUS 372,,300,,,,,,,,
MUS - Music,,MUS 375,,300,,,,,,,,
MUS - Music,,MUS 376,,300,,,,,,,,
MUS - Music,,MUS 381,,300,,,,,,,,
MUS - Music,,MUS 382,,300,,,,,,,,
MUS - Music,,MUS 383,,300,,,,,,,,
MUS - Music,,MUS 384,,300,,,,,,,,
MUS - Music,,MUS 390,,300,,,,,,,,
MUS - Music,,MUS 420,,400,,,,,,,,
MUS - Music,,MUS 430,,400,,,,,,,,
MUS - Music,,MUS 440,,400,,,,,,,,
MUS - Music,,MUS 450,,400,,,,,,,,
MUS - Music,,MUS 451,,400,,,,,,,,
MUS - Music,,MUS 452,,400,,,,,,,,
MUS - Music,,MUS 455,,400,,,,,,,,
MUS - Music,,MUS 456,,400,,,,,,,,
MUS - Music,,MUS 460,,400,,,,,,,,
MUS - Music,,MUS 461,,400,,,,,,,,
MUS - Music,,MUS 462,,400,,,,,,,,
MUS - Music,,MUS 465,,400,,,,,,,,
MUS - Music,,MUS 466,,400,,,,,,,,
MUS - Music,,MUS 470,,400,,,,,,,,
MUS - Music,,MUS 471,,400,,,,,,,,
MUS - Music,,MUS 472,,400,,,,,,,,
MUS - Music,,MUS 475,,400,,,,,,,,
MUS - Music,,MUS 476,,400,,,,,,,,
MUS - Music,,MUS 481,,400,,,,,,,,
MUS - Music,,MUS 482,,400,,,,,,,,
MUS - Music,,MUS 490,,400,,,,,,,,
NSCI - Natural Science,Space Exploration,NSCI 110,3,100,None,,,,,,,
NSCI - Natural Science,Bioinformatics I,NSCI 285,3,200,None,NSCI 285L,,,,,,
NSCI - Natural Science,Bioinformatics I Laboratory,NSCI 285L,1,200,None,NSCI 285,,,,,,
NSCI - Natural Science,Pratical Tools for Bioinformatics,NSCI 286,3,200,"MATH 110, BIOL 101, BIOL 102",,,,,,,
NSCI - Natural Science,Undergraduate Research,NSCI 290,1 to 3,200,None,,,,,,,
NSCI - Natural Science,Undergraduate Research,NSCI 291,1 to 3,200,None,,,,,,,
NSCI - Natural Science,Undergraduate Research,NSCI 292,1 to 3,200,None,,,,,,,
NSCI - Natural Science,Undergraduate Research,NSCI 293,1 to 3,200,None,,,,,,,
NSCI - Natural Science,Biophysics ,NSCI 323,3,300,None,NSCI 323L,,,,,,
NSCI - Natural Science,Biophysics Lab,NSCI 323L,1,300,None,NSCI 323,,,,,,
NSCI - Natural Science,Biophysics Seminar,NSCI 324,1,300,"NSCI 323, NSCI 323L",,,,,,,
NSCI - Natural Science,Statistics,NSCI 360,3,300,MATH 130,,,,,,,
NSCI - Natural Science,Biochemistry I,NSCI 361,3,300,CHEM 234,NSCI 361L,,,,,,
NSCI - Natural Science,Biochemistry I Laboratory,NSCI 361L,1,300,None,NSCI 361,,,,,,
NSCI - Natural Science,Biochemistry II,NSCI 362,3,300,NSCI 361,NSCI 362,,,,,,
NSCI - Natural Science,Biochemistry II Laboratory,NSCI 362L,1,300,None,NSCI 362L,,,,,,
NSCI - Natural Science,Special Topics ,NSCI 390,1 to 3,300,None,,,,,,,
NSCI - Natural Science,Scientific Inquiry: Ethics and Culture I,NSCI 390S,1,300,None,,,,,,,
NSCI - Natural Science,Scientific Inquiry: Ethics and Culture II,NSCI 391S,1,300,NSCI 390S,,,,,,,
NSCI - Natural Science,Undergraduate Research,NSCI 392,1 to 3,300,None,,,,,,,
NSCI - Natural Science,Undergraduate Research,NSCI 393,1 to 3,300,None,,,,,,,
NS - Naval Science,Sea Power in History,NS 131,3,100,None,,,,,,,
NS - Naval Science,Organization and Management,NS 241,3,200,None,,,,,,,
PHO - Photography,Photography I ,PHO 121,3,100,None,,Distribution: Studio,,,,,
PHO - Photography,Digital Imaging,PHO 351,3,300,None,,Distribution: Studio,,,,,
PHYS - Physics,,PHYS 110,,100,,,,,,,,
PHYS - Physics,,PHYS 117,,100,,,,,,,,
PHYS - Physics,,PHYS 117L,,100,,,,,,,,
PHYS - Physics,,PHYS 118,,100,,,,,,,,
PHYS - Physics,,PHYS 118L,,100,,,,,,,,
PHYS - Physics,,PHYS 122,,100,,,,,,,,
PHYS - Physics,,PHYS 123,,100,,,,,,,,
PHYS - Physics,,PHYS 124,,100,,,,,,,,
PHYS - Physics,,PHYS 130,,100,,,,,,,,
PHYS - Physics,,PHYS 130L,,100,,,,,,,,
PHYS - Physics,,PHYS 130ON,,100,,,,,,,,
PHYS - Physics,,PHYS 136,,100,,,,,,,,
PHYS - Physics,,PHYS 137,,100,,,,,,,,
PHYS - Physics,,PHYS 140,,100,,,,,,,,
PHYS - Physics,,PHYS 140L,,100,,,,,,,,
PHYS - Physics,,PHYS 231,,200,,,,,,,,
PHYS - Physics,,PHYS 232,,200,,,,,,,,
PHYS - Physics,,PHYS 233,,200,,,,,,,,
PHYS - Physics,,PHYS 234,,200,,,,,,,,
PHYS - Physics,,PHYS 252,,200,,,,,,,,
PHYS - Physics,,PHYS 262,,200,,,,,,,,
PHYS - Physics,,PHYS 323,,300,,,,,,,,
PHYS - Physics,,PHYS 323L,,300,,,,,,,,
PHYS - Physics,,PHYS 324,,300,,,,,,,,
PHYS - Physics,,PHYS 330,,300,,,,,,,,
PHYS - Physics,,PHYS 340,,300,,,,,,,,
PHYS - Physics,,PHYS 341,,300,,,,,,,,
PHYS - Physics,,PHYS 351,,300,,,,,,,,
PHYS - Physics,,PHYS 352,,300,,,,,,,,
PHYS - Physics,,PHYS 359,,300,,,,,,,,
PHYS - Physics,,PHYS 381,,300,,,,,,,,
PHYS - Physics,,PHYS 381R,,300,,,,,,,,
PHYS - Physics,,PHYS 382,,300,,,,,,,,
PHYS - Physics,,PHYS 430,,400,,,,,,,,
PHYS - Physics,,PHYS 441,,400,,,,,,,,
PHYS - Physics,,PHYS 451,,400,,,,,,,,
PHYS - Physics,,PHYS 452,,400,,,,,,,,
PHYS - Physics,,PHYS 472,,400,,,,,,,,
PHYS - Physics,,PHYS 490,,400,,,,,,,,
PSCI - Political Science,,PSCI 111,,100,,,,,,,,
PSCI - Political Science,,PSCI 121,,100,,,,,,,,
PSCI - Political Science,,PSCI 122,,100,,,,,,,,
PSCI - Political Science,,PSCI 130,,100,,,,,,,,
PSCI - Political Science,,PSCI 205,,200,,,,,,,,
PSCI - Political Science,,PSCI 212,,200,,,,,,,,
PSCI - Political Science,,PSCI 216,,200,,,,,,,,
PSCI - Political Science,,PSCI 221,,200,,,,,,,,
PSCI - Political Science,,PSCI 228,,200,,,,,,,,
PSCI - Political Science,,PSCI 231,,200,,,,,,,,
PSCI - Political Science,,PSCI 232,,200,,,,,,,,
PSCI - Political Science,,PSCI 245,,200,,,,,,,,
PSCI - Political Science,,PSCI 252,,200,,,,,,,,
PSCI - Political Science,,PSCI 254,,200,,,,,,,,
PSCI - Political Science,,PSCI 305,,300,,,,,,,,
PSCI - Political Science,,PSCI 310,,300,,,,,,,,
PSCI - Political Science,,PSCI 314,,300,,,,,,,,
PSCI - Political Science,,PSCI 320,,300,,,,,,,,
PSCI - Political Science,,PSCI 321,,300,,,,,,,,
PSCI - Political Science,,PSCI 340,,300,,,,,,,,
PSCI - Political Science,,PSCI 342,,300,,,,,,,,
PSCI - Political Science,,PSCI 406,,400,,,,,,,,
PSCI - Political Science,,PSCI 442,,400,,,,,,,,
PSY - Psychology,,PSY 180,,100,,,,,,,,
PSY - Psychology,,PSY 205,,200,,,,,,,,
PSY - Psychology,,PSY 217,,200,,,,,,,,
PSY - Psychology,,PSY 221,,200,,,,,,,,
PSY - Psychology,,PSY 224,,200,,,,,,,,
PSY - Psychology,,PSY 231,,200,,,,,,,,
PSY - Psychology,,PSY 231H,,200,,,,,,,,
PSY - Psychology,,PSY 256,,200,,,,,,,,
PSY - Psychology,,PSY 262,,200,,,,,,,,
PSY - Psychology,,PSY 310,,300,,,,,,,,
PSY - Psychology,,PSY 316,,300,,,,,,,,
PSY - Psychology,,PSY 341,,300,,,,,,,,
PSY - Psychology,,PSY 348,,300,,,,,,,,
PSY - Psychology,,PSY 374,,300,,,,,,,,
PSY - Psychology,,PSY 380,,300,,,,,,,,
PSY - Psychology,,PSY 380R,,300,,,,,,,,
PSY - Psychology,,PSY 450,,400,,,,,,,,
PSY - Psychology,,PSY 481,,400,,,,,,,,
SOC - Sociology,,SOC 100,,100,,,,,,,,
SOC - Sociology,,SOC 101,,100,,,,,,,,
SOC - Sociology,,SOC 108,,100,,,,,,,,
SOC - Sociology,,SOC 115,,100,,,,,,,,
SOC - Sociology,,SOC 206,,200,,,,,,,,
SOC - Sociology,,SOC 215,,200,,,,,,,,
SOC - Sociology,,SOC 220,,200,,,,,,,,
SOC - Sociology,,SOC 245,,200,,,,,,,,
SOC - Sociology,,SOC 250,,200,,,,,,,,
SOC - Sociology,,SOC 254,,200,,,,,,,,
SOC - Sociology,,SOC 260,,200,,,,,,,,
SOC - Sociology,,SOC 282,,200,,,,,,,,
SOC - Sociology,,SOC 290,,200,,,,,,,,
SOC - Sociology,,SOC 326,,300,,,,,,,,
SOC - Sociology,,SOC 341,,300,,,,,,,,
SOC - Sociology,,SOC 342,,300,,,,,,,,
SOC - Sociology,,SOC 345,,300,,,,,,,,
SOC - Sociology,,SOC 347,,300,,,,,,,,
SOC - Sociology,,SOC 351,,300,,,,,,,,
SOC - Sociology,,SOC 352,,300,,,,,,,,
SOC - Sociology,,SOC 355,,300,,,,,,,,
SOC - Sociology,,SOC 358,,300,,,,,,,,
SOC - Sociology,,SOC 360,,300,,,,,,,,
SOC - Sociology,,SOC 365,,300,,,,,,,,
SOC - Sociology,,SOC 370,,300,,,,,,,,
SOC - Sociology,,SOC 373,,300,,,,,,,,
SOC - Sociology,,SOC 374,,300,,,,,,,,
SOC - Sociology,,SOC 375,,300,,,,,,,,
SOC - Sociology,,SOC 376,,300,,,,,,,,
SOC - Sociology,,SOC 380,,300,,,,,,,,
SOC - Sociology,,SOC 390,,300,,,,,,,,
SOC - Sociology,,SOC 498,,400,,,,,,,,
SOC - Sociology,,SOC 499,,400,,,,,,,,
SOC - Sociology,,SOC 499M,,400,,,,,,,,
SOJ - Social Justice,Introduction to Social Justice,SOJ 100,3,100,None,,,,,,,
SPAN - Spanish,Elementary Spanish I,SPAN 101,3,100,None,,,,,,,
SPAN - Spanish,Elementary Spanish II,SPAN 102,3,100,SPAN 101,,,,,,,
SPAN - Spanish,Intensive Intermediate Spanish,SPAN 200,3,200,SPAN 102,,,,,,,
SPAN - Spanish,Spanish for the Health Care Professional,SPAN 300,3,300,SPAN 200,,,,,,,
SPAN - Spanish,Language and Culture,SPAN 310,3,300,SPAN 200,,,,,,,
SPAN - Spanish,Conversation and Composition in Spanish I,SPAN 311,3,300,SPAN 200,,,,,,,
SPAN - Spanish,Conversation and Composition in Spanish II,SPAN 312,3,300,SPAN 311,,,,,,,
SPAN - Spanish,Survey of Spanish Literature I,SPAN 313,3,300,SPAN 312,,,,,,,
SPAN - Spanish,Survey of Spanish Literature II,SPAN 314,3,300,SPAN 313,,,,,,,
SPAN - Spanish,Business Language,SPAN 320,3,300,SPAN 200,,,,,,,
SPAN - Spanish,Independent Study in Spanish,SPAN 330,1 to 3,300,Instructor Permission,,,,,,,
SPAN - Spanish,Survey of Latin American Literature,SPAN 340,3,300,SPAN 312,,,,,,,
SPAN - Spanish,Caribbean Literature,SPAN 350,3,300,SPAN 312,,,,,,,
SPAN - Spanish,The Golden Age of Spanish Literature,SPAN 360,3,300,SPAN 312,,,,,,,
SPAN - Spanish,20th Century Spanish Literature,SPAN 370,3,300,SPAN 312,,,,,,,
SPAN - Spanish,Seminar,SPAN 380,3,300,SPAN 312,,,,,,,
SPED - Special Education,Introduction to Special Education,SPED 210,3,200,None,,,,,,,
SPED - Special Education,Professional Aspects of Special Education,SPED 270,3,200,None,,,,,,,
SPED - Special Education,Practical Application of Special Education ,SPED 280,3,200,Field Experience ,,,,,,,
SPED - Special Education,Characteristics and Needs of Exceptional Children,SPED 310,3,300,Field Experience ,,,,,,,
SPED - Special Education,Nature of Learning Disabled Children ,SPED 311,3,300,None,,,,,,,
SPED - Special Education,Nature of Learning Disabled Children (Summer)  ,SPED 311BL,3,300,"EDUC 250, EDUC 260, SPED 210",,,,,,,
SPED - Special Education,Techniques and Strategies,SPED 350,3,300,Field Experience ,,,,,,,
SPED - Special Education,Managing Inappropriate Classroom Behavior,SPED 360,3,300,None,,,,,,,
SPED - Special Education,Procedures for Teaching the Gifted ,SPED 400,3,400,Field Experience ,,,,,,,
SPED - Special Education,Assessment in Special Education,SPED 410,3,400,Field Experience ,,,,,,,
SPED - Special Education,Integrating Technology in Special Education,SPED 420,3,400,None,,,,,,,
SPED - Special Education,Student Teaching of Exceptional Children,SPED 480,9,400,"Completion of course requirements, admission to the Teacher Education Program",,,,,,,
SW - Social Work,Introduction to Social Work,SW 204,3,200,None,,,,,,,
SW - Social Work,Interviewing and Counseling Techniques,SW 215,3,200,None,,,,,,,
SW - Social Work,Understanding Human Diversity,SW 230,3,200,None,,,,,,,
SW - Social Work,Social Welfare Policies and Services I,SW 255,3,200,None,,,,,,,
SW - Social Work,Human Behavior and the Social Environment I: Infancy through Adolescence,SW 270,3,200,None,,,,,,,
SW - Social Work,"Generalist Practice I: Individuals, Families and Groups",SW 360,3,300,None,,,,,,,
SW - Social Work,Social Welfare Policies and Services II,SW 378,3,300,SW 255,,,,,,,
SW - Social Work,Human Behavior and the Social Environment I: Iadulthood,SW 389,3,300,None,,,,,,,
SW - Social Work,Social Work Research Methods,SW 399,3,300,None,,,,,,,
SW - Social Work,Generalist Practice II: Organizations and Communities,SW 448,3,400,SW 360,,,,,,,
SW - Social Work,Social Work Field Experience and Seminar I,SW 485,6,400,None,,,,,,,
SW - Social Work,Social Work Field Experience and Seminar II,SW 486,6,400,None,,,,,,,
